{"acacia_log.png":{"r":105.4765625,"g":99,"b":89.2109375,"a":255},"acacia_log_top.png":{"r":154.046875,"g":91.40625,"b":64.15625,"a":255},"acacia_planks.png":{"r":169.4609375,"g":91.765625,"b":51.0078125,"a":255},"andesite.png":{"r":130.9765625,"g":131.16015625,"b":131.3671875,"a":255},"bedrock.png":{"r":83.734375,"g":83.734375,"b":83.734375,"a":255},"birch_log.png":{"r":206.52734375,"g":206.24609375,"b":201.0703125,"a":255},"birch_log_top.png":{"r":184.4453125,"g":166.296875,"b":121.6796875,"a":255},"birch_planks.png":{"r":195.8984375,"g":179.38671875,"b":123.2890625,"a":255},"black_concrete.png":{"r":8.40234375,"g":10.40234375,"b":15.40234375,"a":255},"black_concrete_powder.png":{"r":25.296875,"g":26.7421875,"b":31.9765625,"a":255},"black_glazed_terracotta.png":{"r":67.734375,"g":30.03515625,"b":32.2109375,"a":255},"black_terracotta.png":{"r":37.21875,"g":22.828125,"b":16.38671875,"a":255},"black_wool.png":{"r":20.6015625,"g":21.296875,"b":25.6328125,"a":255},"blue_concrete.png":{"r":44.5390625,"g":46.5390625,"b":143.421875,"a":255},"blue_concrete_powder.png":{"r":70.23828125,"g":73.265625,"b":166.83203125,"a":255},"blue_glazed_terracotta.png":{"r":47.453125,"g":64.64453125,"b":139.37109375,"a":255},"blue_terracotta.png":{"r":74.29296875,"g":59.68359375,"b":91.109375,"a":255},"blue_wool.png":{"r":53.0546875,"g":57.25390625,"b":157.4921875,"a":255},"bone_block_side.png":{"r":224.62890625,"g":220.7265625,"b":200.55078125,"a":255},"bone_block_top.png":{"r":205.82421875,"g":201.17578125,"b":177.7734375,"a":255},"bookshelf.png":{"r":107.9609375,"g":88.1640625,"b":57.5625,"a":255},"bricks.png":{"r":146.5703125,"g":99.87109375,"b":86.9609375,"a":255},"brown_concrete.png":{"r":96.44921875,"g":59.546875,"b":31.59765625,"a":255},"brown_concrete_powder.png":{"r":125.53515625,"g":84.84765625,"b":53.86328125,"a":255},"brown_glazed_terracotta.png":{"r":119.96875,"g":106.24609375,"b":85.9453125,"a":255},"brown_mushroom_block.png":{"r":141.90625,"g":106.78125,"b":83.22265625,"a":255},"brown_terracotta.png":{"r":77.234375,"g":51.1796875,"b":35.703125,"a":255},"brown_wool.png":{"r":114.234375,"g":71.609375,"b":40.5859375,"a":255},"chiseled_quartz_block.png":{"r":231.9296875,"g":228.49609375,"b":220.171875,"a":255},"chiseled_sandstone.png":{"r":215.73046875,"g":208.0078125,"b":154.65234375,"a":255},"chiseled_stone_bricks.png":{"r":118.796875,"g":118.796875,"b":118.796875,"a":255},"clay.png":{"r":158.6328125,"g":164.3671875,"b":176.7265625,"a":255},"coal_block.png":{"r":18.7109375,"g":18.7109375,"b":18.7109375,"a":255},"coal_ore.png":{"r":115.4765625,"g":115.4765625,"b":115.4765625,"a":255},"coarse_dirt.png":{"r":119.4453125,"g":85.6015625,"b":59.3984375,"a":255},"cobblestone.png":{"r":122.97265625,"g":122.97265625,"b":122.97265625,"a":255},"concrete_powder_white.png":{"r":225.7265625,"g":227.4921875,"b":227.83984375,"a":255},"cracked_stone_bricks.png":{"r":118.70703125,"g":118.70703125,"b":118.70703125,"a":255},"cut_sandstone.png":{"r":219.8359375,"g":211.96484375,"b":161.6171875,"a":255},"cyan_concrete.png":{"r":21.4453125,"g":119.21875,"b":136.1875,"a":255},"cyan_concrete_powder.png":{"r":36.6484375,"g":147.9765625,"b":157.16015625,"a":255},"cyan_glazed_terracotta.png":{"r":52.25,"g":118.71875,"b":125.33203125,"a":255},"cyan_terracotta.png":{"r":86.71484375,"g":91.01171875,"b":91.00390625,"a":255},"cyan_wool.png":{"r":21.24609375,"g":137.7265625,"b":145.3515625,"a":255},"dark_oak_log.png":{"r":52.1953125,"g":40.58203125,"b":23.28125,"a":255},"dark_oak_log_top.png":{"r":78.4296875,"g":62.4765625,"b":41.1640625,"a":255},"dark_oak_planks.png":{"r":61.10546875,"g":39.57421875,"b":18.375,"a":255},"dark_prismarine.png":{"r":59.9140625,"g":87.55078125,"b":75.19140625,"a":255},"diamond_block.png":{"r":97.67578125,"g":219.203125,"b":213.50390625,"a":255},"diamond_ore.png":{"r":129.49609375,"g":140.19921875,"b":143.24609375,"a":255},"diorite.png":{"r":179.80859375,"g":179.80859375,"b":182.61328125,"a":255},"dirt.png":{"r":134.25,"g":96.296875,"b":67,"a":255},"emerald_block.png":{"r":81.06640625,"g":217.15234375,"b":117.26171875,"a":255},"emerald_ore.png":{"r":109.671875,"g":128.78515625,"b":116.24609375,"a":255},"end_stone.png":{"r":221.23046875,"g":223.69921875,"b":165.2421875,"a":255},"end_stone_bricks.png":{"r":225.77734375,"g":230.921875,"b":170.99609375,"a":255},"furnace_top.png":{"r":96.359375,"g":96.359375,"b":96.359375,"a":255},"glowstone.png":{"r":143.59375,"g":118.05078125,"b":69.6953125,"a":255},"gold_block.png":{"r":249.26171875,"g":236.44921875,"b":78.54296875,"a":255},"gold_ore.png":{"r":143.45703125,"g":139.828125,"b":124.95703125,"a":255},"granite.png":{"r":153.12109375,"g":113.84765625,"b":98.52734375,"a":255},"gravel.png":{"r":126.86328125,"g":124.15234375,"b":122.52734375,"a":255},"gray_concrete.png":{"r":54.6171875,"g":57.6171875,"b":61.6171875,"a":255},"gray_concrete_powder.png":{"r":76.9453125,"g":81.10546875,"b":84.9140625,"a":255},"gray_glazed_terracotta.png":{"r":83.09765625,"g":90.30859375,"b":93.6484375,"a":255},"gray_terracotta.png":{"r":57.78515625,"g":42.4140625,"b":35.5625,"a":255},"gray_wool.png":{"r":62.74609375,"g":68.234375,"b":71.5546875,"a":255},"green_concrete.png":{"r":73.40625,"g":91.33984375,"b":36.4921875,"a":255},"green_concrete_powder.png":{"r":97.1875,"g":119.12109375,"b":44.56640625,"a":255},"green_glazed_terracotta.png":{"r":117.015625,"g":142.30859375,"b":67.421875,"a":255},"green_terracotta.png":{"r":76.0078125,"g":83.2890625,"b":42.3359375,"a":255},"green_wool.png":{"r":84.83203125,"g":109.53515625,"b":27.50390625,"a":255},"hay_block_side.png":{"r":157.9296875,"g":116.86328125,"b":18.125,"a":255},"hay_block_top.png":{"r":168.56640625,"g":139.76953125,"b":16.30859375,"a":255},"iron_block.png":{"r":219.25390625,"g":219.25390625,"b":219.25390625,"a":255},"iron_ore.png":{"r":135.67578125,"g":130.44140625,"b":126.83203125,"a":255},"jukebox_side.png":{"r":100.6328125,"g":67.765625,"b":50.60546875,"a":255},"jungle_log.png":{"r":87.03125,"g":67.9609375,"b":26.73046875,"a":255},"jungle_log_top.png":{"r":153.80078125,"g":118.87890625,"b":73.19140625,"a":255},"jungle_planks.png":{"r":154.22265625,"g":110.4921875,"b":77.27734375,"a":255},"lapis_block.png":{"r":38.83203125,"g":67.33984375,"b":137.80859375,"a":255},"lapis_ore.png":{"r":102.27734375,"g":112.1796875,"b":134.77734375,"a":255},"light_blue_concrete.png":{"r":35.59765625,"g":137.0390625,"b":198.9140625,"a":255},"light_blue_concrete_powder.png":{"r":74.28125,"g":180.73046875,"b":213.36328125,"a":255},"light_blue_glazed_terracotta.png":{"r":94.54296875,"g":164.6171875,"b":208.921875,"a":255},"light_blue_terracotta.png":{"r":113.484375,"g":108.53125,"b":137.9921875,"a":255},"light_blue_wool.png":{"r":58.0703125,"g":175.046875,"b":217.31640625,"a":255},"light_gray_concrete.png":{"r":125.03125,"g":125.03125,"b":115.03125,"a":255},"light_gray_concrete_powder.png":{"r":154.890625,"g":154.95703125,"b":148.1875,"a":255},"light_gray_glazed_terracotta.png":{"r":144.2578125,"g":166.0625,"b":167.953125,"a":255},"light_gray_terracotta.png":{"r":135.25390625,"g":106.8828125,"b":97.5,"a":255},"light_gray_wool.png":{"r":142.03125,"g":142.1640625,"b":134.6015625,"a":255},"lime_concrete.png":{"r":94.08984375,"g":168.8046875,"b":24.5,"a":255},"lime_concrete_powder.png":{"r":125.38671875,"g":189.2734375,"b":41.90625,"a":255},"lime_glazed_terracotta.png":{"r":162.94921875,"g":197.66796875,"b":55.2109375,"a":255},"lime_terracotta.png":{"r":103.53515625,"g":117.67578125,"b":52.796875,"a":255},"lime_wool.png":{"r":112.2109375,"g":185.1953125,"b":25.796875,"a":255},"magenta_concrete.png":{"r":169.20703125,"g":48.4765625,"b":159.2109375,"a":255},"magenta_concrete_powder.png":{"r":192.7265625,"g":83.80859375,"b":184.63671875,"a":255},"magenta_glazed_terracotta.png":{"r":208.26953125,"g":100.41796875,"b":191.91015625,"a":255},"magenta_terracotta.png":{"r":149.66796875,"g":88.1015625,"b":108.6796875,"a":255},"magenta_wool.png":{"r":189.54296875,"g":68.765625,"b":179.91796875,"a":255},